customer_id,name,age,city,email,purchase_amount,rating
ID_1000,emily white,25,New York,emily.w@example.com,,4
1001,jane smith,35,Miami,charlie.g@example.com,10.5,4
1002,jane smith,45,houston,alice.j@example.com,250.0,3
1003,,45,houston,charlie.g@example.com,23.4,five
1004,emily white,35,BOSTON,alice.j@example.com,23.4,4
1005,emily white,twenty,seattle,john.doe@example.com,55.0,4
1006,DAVID BLACK,,los angeles,david.b@example.com,10.5,4.5
1007,emily white,55,los angeles,alice.j@example.com,55.0,4
1008,jane smith,60,houston,john.doe@example.com,10.5,2
1009, Alice Johnson ,60,BOSTON,john.doe@example.com,,5
1010,Charlie Green,30,Miami,john.doe@example.com,250.0,
1011,,25, CHICAGO , ,250.0,
1012,DAVID BLACK,30,los angeles,emily.w@example.com,missing,3
1013, Alice Johnson ,50,seattle, , ,None
1014,, ,seattle,emily.w@example.com,10.5,4
1015,emily white,34,None,bob.b@example.com,100.25,None
1016,emily white,twenty,seattle,john.doe@example.com,10.5,five
1017,,35,BOSTON,john.doe@example.com,missing,2
1018,bob brown,,los angeles,david.b@example.com,"150,50",1
1019,emily white,60,None,emily.w@example.com,,3
1020,bob brown,25,houston,emily.w@example.com,100.25,4.5
1021,emily white,45 ,New York,alice.j@example.com,99.99,3
1022,emily white,35,seattle,david.b@example.com,10.5,5
1023,bob brown,50,New York,jane.smith@example.com,23.4,2
1024,jane smith,55,los angeles,david.b@example.com,55.0,2
1025,DAVID BLACK,40,New York,alice.j@example.com,10.5,4
1026,DAVID BLACK,45,seattle,bob.b@example.com,,4
1027,,20,houston,charlie.g@example.com,250.0,1
1028,Charlie Green,34,houston,emily.w@example.com,55.0,1
1029,,60,Miami,alice.j@example.com,250.0,2
1030,john Doe,25,New York,john.doe@example.com,10.5,5
1031,,40,los angeles,jane.smith@example.com,250.0,4
1032,john Doe,25,,bob.b@example.com,250.0,4.5
1033,john Doe,,Miami,charlie.g@example.com,23.4,1
1034,john Doe,45,New York,bob.b@example.com,250.0,3
1035,Charlie Green,50,New York,charlie.g@example.com,23.4,2
1036,bob brown,20,Miami,charlie.g@example.com,100.25,2
1037,bob brown,30,BOSTON,john.doe@example.com,10.5,5
1038,Charlie Green,40,,jane.smith@example.com,,1
1039,,30,Miami,bob.b@example.com,"150,50",
1040,DAVID BLACK,50,New York,john.doe@example.com,23.4,2
1041,,30,New York,bob.b@example.com,10.5,3
1042,,55,,jane.smith@example.com,100.25,3
1043,bob brown,35,Miami,emily.w@example.com,,3
1044,Charlie Green,35,houston,bob.b@example.com,10.5,3
1045,jane smith,30,houston,david.b@example.com,23.4,4
1046,bob brown,50,New York,jane.smith@example.com,10.5,2
1047,Charlie Green,20,New York,,10.5,5
1048,jane smith,40,New York,charlie.g@example.com,,4
1049,,25,New York,bob.b@example.com,100.25,
1050,Charlie Green,55,Miami,jane.smith@example.com,10.5,5
1051,Charlie Green,50,houston,emily.w@example.com,,1
1052,john Doe,50,New York,jane.smith@example.com,250.0,1
1053,,35,CHICAGO ,,99.99,3
1054,jane smith,30,,bob.b@example.com,250.0,3
1055,bob brown,55,CHICAGO ,emily.w@example.com,,5
1056,john Doe,50,Miami,jane.smith@example.com,23.4,1
1057,,60,Miami,john.doe@example.com,23.4,5
1058,,25,seattle,emily.w@example.com,23.4,2
1059,bob brown,34,,emily.w@example.com,10.5,
1060,Charlie Green,25,houston,emily.w@example.com,23.4,5
1061,Charlie Green,45 ,BOSTON,charlie.g@example.com,55.0,2
1062,DAVID BLACK,35,Miami,david.b@example.com,99.99,1
1063,emily white,45,,jane.smith@example.com,,3
1064,,35,New York,charlie.g@example.com,,1
1065,john Doe,55,houston,bob.b@example.com,250.0,1
1066,,34,CHICAGO ,david.b@example.com,,4
1067,,34,seattle,jane.smith@example.com,250.0,4
1068,DAVID BLACK,35,,charlie.g@example.com,,4
1069,jane smith,55,New York,bob.b@example.com,23.4,4
1070,john Doe,35,CHICAGO ,emily.w@example.com,10.5,4
1071,,45 ,New York,emily.w@example.com,99.99,2
1072,john Doe,,Miami,jane.smith@example.com,100.25,5
1073, Alice Johnson ,34,New York,alice.j@example.com,10.5,3
1074,bob brown,20,Miami,jane.smith@example.com,,5
1075,john Doe,45,seattle,emily.w@example.com,55.0,1
1076,emily white,30,BOSTON,david.b@example.com,23.4,5
1077,emily white,25,seattle,bob.b@example.com,250.0,5
1078,,55,Miami,emily.w@example.com,55.0,3
1079,john Doe,34,houston,,100.25,1
1080,john Doe,45,,david.b@example.com,250.0,3
1081,jane smith,40,New York,charlie.g@example.com,,4
1082,jane smith,25,CHICAGO ,bob.b@example.com,23.4,5
1083, Alice Johnson ,,houston,bob.b@example.com,23.4,2
1084,,20,houston,david.b@example.com,23.4,4.5
1085,john Doe,twenty,seattle,david.b@example.com,10.5,3
1086,Charlie Green,30,New York,,10.5,3
1087,jane smith,60,Miami,alice.j@example.com,,4
1088,bob brown,60,CHICAGO ,,250.0,5
1089,Charlie Green,35,Miami,david.b@example.com,10.5,3
1090,emily white,45 ,New York,john.doe@example.com,,3
1091,bob brown,,New York,bob.b@example.com,23.4,4
1092,Charlie Green,45,BOSTON,alice.j@example.com,23.4,4
1093,emily white,55,Miami,jane.smith@example.com,10.5,2
1094,,60,New York,charlie.g@example.com,250.0,4
1095,emily white,35,seattle,emily.w@example.com,55.0,2
1096,emily white,34,Miami,bob.b@example.com,55.0,2
1097,Charlie Green,25,,bob.b@example.com,100.25,
1098,emily white,20,Miami,jane.smith@example.com,,4
1099,john Doe,50,,david.b@example.com,55.0,1
1100,john Doe,35,BOSTON,,250.0,1
1101,bob brown,35,BOSTON,,55.0,4
1102,jane smith,60,Miami,alice.j@example.com,23.4,4
1103,emily white,40,CHICAGO ,david.b@example.com,55.0,3
1104,john Doe,25,CHICAGO ,john.doe@example.com,55.0,5
1105,Charlie Green,30,Miami,john.doe@example.com,250.0,
1106,,25, CHICAGO , ,250.0,
1107,DAVID BLACK,30,los angeles,emily.w@example.com,missing,3
1108, Alice Johnson ,50,seattle, , ,None
1109,, ,seattle,emily.w@example.com,10.5,4
1110,emily white,34,None,bob.b@example.com,100.25,None
1111,emily white,twenty,seattle,john.doe@example.com,10.5,five
1112,,35,BOSTON,john.doe@example.com,missing,2
1113,bob brown,,los angeles,david.b@example.com,"150,50",1
1114,emily white,60,None,emily.w@example.com,,3
1115,bob brown,25,houston,emily.w@example.com,100.25,4.5
1116,emily white,45 ,New York,alice.j@example.com,99.99,3
1117,emily white,35,seattle,david.b@example.com,10.5,5
1118,bob brown,50,New York,jane.smith@example.com,23.4,2
1119,jane smith,55,los angeles,david.b@example.com,55.0,2

